USE `nextflick`


INSERT INTO `nextflick`.`User`
	(`id`, `name`)
VALUES
	(1, 'Darryl'),
	(2, 'Justin'),
	(3, 'Amy');


INSERT INTO `nextflick`.`Movie`
	(`id`, `title`, `tmdbID`, `tmdbData`)
VALUES
	(1, 'Avatar', 87096, '{"adult":false,"backdrop_path":"/aHcth2AXzZSjhX7JYh7ie73YVNc.jpg","belongs_to_collection":{"id":87096,"name":"Avatar Collection","poster_path":"/nslJVsO58Etqkk17oXMuVK4gNOF.jpg","backdrop_path":"/9s4BM48NweGFrIRE6haIul0YJ9f.jpg"},"budget":237000000,"genres":[{"id":28,"name":"Action"},{"id":12,"name":"Adventure"},{"id":14,"name":"Fantasy"},{"id":878,"name":"Science Fiction"}],"homepage":"http://www.avatarmovie.com/","id":19995,"imdb_id":"tt0499549","original_language":"en","original_title":"Avatar","overview":"In the 22nd century, a paraplegic Marine is dispatched to the moon Pandora on a unique mission, but becomes torn between following orders and protecting an alien civilization.","popularity":27.944,"poster_path":"/kmcqlZGaSh20zpTbuoF0Cdn07dT.jpg","production_companies":[{"id":289,"logo_path":null,"name":"Ingenious Film Partners","origin_country":""},{"id":444,"logo_path":null,"name":"Dune Entertainment","origin_country":"US"},{"id":574,"logo_path":"/iB6GjNVHs5hOqcEYt2rcjBqIjki.png","name":"Lightstorm Entertainment","origin_country":"US"},{"id":25,"logo_path":"/qZCc1lty5FzX30aOCVRBLzaVmcp.png","name":"20th Century Fox","origin_country":"US"}],"production_countries":[{"iso_3166_1":"US","name":"United States of America"},{"iso_3166_1":"GB","name":"United Kingdom"}],"release_date":"2009-12-10","revenue":2787965087,"runtime":162,"spoken_languages":[{"iso_639_1":"en","name":"English"},{"iso_639_1":"es","name":"Español"}],"status":"Released","tagline":"Enter the World of Pandora.","title":"Avatar","video":false,"vote_average":7.4,"vote_count":17599}'),
	(2, 'Titanic', 597, '{"adult":false,"backdrop_path":"/vFUI5obFtx4IdhP6k8Om5ezHTrk.jpg","belongs_to_collection":null,"budget":200000000,"genres":[{"id":18,"name":"Drama"},{"id":10749,"name":"Romance"},{"id":53,"name":"Thriller"}],"homepage":null,"id":597,"imdb_id":"tt0120338","original_language":"en","original_title":"Titanic","overview":"84 years later, a 101-year-old woman named Rose DeWitt Bukater tells the story to her granddaughter Lizzy Calvert, Brock Lovett, Lewis Bodine, Bobby Buell and Anatoly Mikailavich on the Keldysh about her life set in April 10th 1912, on a ship called Titanic when young Rose boards the departing ship with the upper-class passengers and her mother, Ruth DeWitt Bukater, and her fiancé, Caledon Hockley. Meanwhile, a drifter and artist named Jack Dawson and his best friend Fabrizio De Rossi win third-class tickets to the ship in a game. And she explains the whole story from departure until the death of Titanic on its first and last voyage April 15th, 1912 at 2:20 in the morning.","popularity":21.834,"poster_path":"/kHXEpyfl6zqn8a6YuozZUujufXf.jpg","production_companies":[{"id":4,"logo_path":"/fycMZt242LVjagMByZOLUGbCvv3.png","name":"Paramount","origin_country":"US"},{"id":574,"logo_path":"/iB6GjNVHs5hOqcEYt2rcjBqIjki.png","name":"Lightstorm Entertainment","origin_country":"US"},{"id":25,"logo_path":"/qZCc1lty5FzX30aOCVRBLzaVmcp.png","name":"20th Century Fox","origin_country":"US"}],"production_countries":[{"iso_3166_1":"US","name":"United States of America"}],"release_date":"1997-11-18","revenue":1845034188,"runtime":194,"spoken_languages":[{"iso_639_1":"en","name":"English"},{"iso_639_1":"fr","name":"Français"},{"iso_639_1":"de","name":"Deutsch"},{"iso_639_1":"sv","name":"svenska"},{"iso_639_1":"it","name":"Italiano"},{"iso_639_1":"ru","name":"Pусский"}],"status":"Released","tagline":"Nothing on Earth could come between them.","title":"Titanic","video":false,"vote_average":7.8,"vote_count":13183}'),
	(3, 'Star Wars: The Force Awakens', 140607, '{"adult":false,"backdrop_path":"/njv65RTipNSTozFLuF85jL0bcQe.jpg","belongs_to_collection":{"id":10,"name":"Star Wars Collection","poster_path":"/iTQHKziZy9pAAY4hHEDCGPaOvFC.jpg","backdrop_path":"/d8duYyyC9J5T825Hg7grmaabfxQ.jpg"},"budget":245000000,"genres":[{"id":28,"name":"Action"},{"id":12,"name":"Adventure"},{"id":878,"name":"Science Fiction"},{"id":14,"name":"Fantasy"}],"homepage":"http://www.starwars.com/films/star-wars-episode-vii","id":140607,"imdb_id":"tt2488496","original_language":"en","original_title":"Star Wars: The Force Awakens","overview":"Thirty years after defeating the Galactic Empire, Han Solo and his allies face a new threat from the evil Kylo Ren and his army of Stormtroopers.","popularity":22.494,"poster_path":"/weUSwMdQIa3NaXVzwUoIIcAi85d.jpg","production_companies":[{"id":1634,"logo_path":null,"name":"Truenorth Productions","origin_country":""},{"id":1,"logo_path":"/o86DbpburjxrqAzEDhXZcyE8pDb.png","name":"Lucasfilm","origin_country":"US"},{"id":11461,"logo_path":"/p9FoEt5shEKRWRKVIlvFaEmRnun.png","name":"Bad Robot","origin_country":"US"}],"production_countries":[{"iso_3166_1":"US","name":"United States of America"}],"release_date":"2015-12-15","revenue":2068223624,"runtime":136,"spoken_languages":[{"iso_639_1":"en","name":"English"}],"status":"Released","tagline":"Every generation has a story.","title":"Star Wars: The Force Awakens","video":false,"vote_average":7.4,"vote_count":12017}'),
	(4, 'Avengers: Infinity War', 299536, '{"adult":false,"backdrop_path":"/bOGkgRGdhrBYJSLpXaxhXVstddV.jpg","belongs_to_collection":{"id":86311,"name":"The Avengers Collection","poster_path":"/qJawKUQcIBha507UahUlX0keOT7.jpg","backdrop_path":"/zuW6fOiusv4X9nnW3paHGfXcSll.jpg"},"budget":300000000,"genres":[{"id":12,"name":"Adventure"},{"id":28,"name":"Action"},{"id":14,"name":"Fantasy"}],"homepage":"http://marvel.com/movies/movie/223/avengers_infinity_war_part_1","id":299536,"imdb_id":"tt4154756","original_language":"en","original_title":"Avengers: Infinity War","overview":"As the Avengers and their allies have continued to protect the world from threats too large for any one hero to handle, a new danger has emerged from the cosmic shadows: Thanos. A despot of intergalactic infamy, his goal is to collect all six Infinity Stones, artifacts of unimaginable power, and use them to inflict his twisted will on all of reality. Everything the Avengers have fought for has led up to this moment - the fate of Earth and existence itself has never been more uncertain.","popularity":99.959,"poster_path":"/7WsyChQLEftFiDOVTGkv3hFpyyt.jpg","production_companies":[{"id":420,"logo_path":"/hUzeosd33nzE5MCNsZxCGEKTXaQ.png","name":"Marvel Studios","origin_country":"US"}],"production_countries":[{"iso_3166_1":"US","name":"United States of America"}],"release_date":"2018-04-25","revenue":2046239637,"runtime":149,"spoken_languages":[{"iso_639_1":"en","name":"English"}],"status":"Released","tagline":"An entire universe. Once and for all.","title":"Avengers: Infinity War","video":false,"vote_average":8.3,"vote_count":11361}'),
	(5, 'Jurassic World', 135397, '{"adult":false,"backdrop_path":"/t5KONotASgVKq4N19RyhIthWOPG.jpg","belongs_to_collection":{"id":328,"name":"Jurassic Park Collection","poster_path":"/qIm2nHXLpBBdMxi8dvfrnDkBUDh.jpg","backdrop_path":"/pJjIH9QN0OkHFV9eue6XfRVnPkr.jpg"},"budget":150000000,"genres":[{"id":28,"name":"Action"},{"id":12,"name":"Adventure"},{"id":878,"name":"Science Fiction"},{"id":53,"name":"Thriller"}],"homepage":"http://www.jurassicworld.com/","id":135397,"imdb_id":"tt0369610","original_language":"en","original_title":"Jurassic World","overview":"Twenty-two years after the events of Jurassic Park, Isla Nublar now features a fully functioning dinosaur theme park, Jurassic World, as originally envisioned by John Hammond.","popularity":28.261,"poster_path":"/jjBgi2r5cRt36xF6iNUEhzscEcb.jpg","production_companies":[{"id":3341,"logo_path":"/dTG5dXE1kU2mpmL9BNnraffckLU.png","name":"Fuji Television Network","origin_country":"JP"},{"id":56,"logo_path":"/cEaxANEisCqeEoRvODv2dO1I0iI.png","name":"Amblin Entertainment","origin_country":"US"},{"id":923,"logo_path":"/5UQsZrfbfG2dYJbx8DxfoTr2Bvu.png","name":"Legendary Entertainment","origin_country":"US"},{"id":33,"logo_path":"/8lvHyhjr8oUKOOy2dKXoALWKdp0.png","name":"Universal Pictures","origin_country":"US"},{"id":1778,"logo_path":"/69xm6sF3JxugGVjfZfm1YY6d7EE.png","name":"Dentsu","origin_country":"JP"},{"id":862,"logo_path":"/udTjbqPmcTbfrihMuLtLcizDEM1.png","name":"The Kennedy/Marshall Company","origin_country":"US"}],"production_countries":[{"iso_3166_1":"US","name":"United States of America"}],"release_date":"2015-06-06","revenue":1671713208,"runtime":124,"spoken_languages":[{"iso_639_1":"en","name":"English"}],"status":"Released","tagline":"The park is open.","title":"Jurassic World","video":false,"vote_average":6.6,"vote_count":13360}'),
	(6, 'The Avengers', 24428, '{"adult":false,"backdrop_path":"/hbn46fQaRmlpBuUrEiFqv0GDL6Y.jpg","belongs_to_collection":{"id":86311,"name":"The Avengers Collection","poster_path":"/qJawKUQcIBha507UahUlX0keOT7.jpg","backdrop_path":"/zuW6fOiusv4X9nnW3paHGfXcSll.jpg"},"budget":220000000,"genres":[{"id":878,"name":"Science Fiction"},{"id":28,"name":"Action"},{"id":12,"name":"Adventure"}],"homepage":"http://marvel.com/avengers_movie/","id":24428,"imdb_id":"tt0848228","original_language":"en","original_title":"The Avengers","overview":"When an unexpected enemy emerges and threatens global safety and security, Nick Fury, director of the international peacekeeping agency known as S.H.I.E.L.D., finds himself in need of a team to pull the world back from the brink of disaster. Spanning the globe, a daring recruitment effort begins!","popularity":48.314,"poster_path":"/cezWGskPY5x7GaglTTRN4Fugfb8.jpg","production_companies":[{"id":420,"logo_path":"/hUzeosd33nzE5MCNsZxCGEKTXaQ.png","name":"Marvel Studios","origin_country":"US"}],"production_countries":[{"iso_3166_1":"US","name":"United States of America"}],"release_date":"2012-04-25","revenue":1519557910,"runtime":143,"spoken_languages":[{"iso_639_1":"en","name":"English"},{"iso_639_1":"hi","name":"हिन्दी"},{"iso_639_1":"ru","name":"Pусский"}],"status":"Released","tagline":"Some assembly required.","title":"The Avengers","video":false,"vote_average":7.6,"vote_count":17975}'),
	(7, 'Furious 7', 168259, '{"adult":false,"backdrop_path":"/ypyeMfKydpyuuTMdp36rMlkGDUL.jpg","belongs_to_collection":{"id":9485,"name":"The Fast and the Furious Collection","poster_path":"/uv63yAGg1zETAs1XQsOQpava87l.jpg","backdrop_path":"/z5A5W3WYJc3UVEWljSGwdjDgQ0j.jpg"},"budget":190000000,"genres":[{"id":28,"name":"Action"},{"id":80,"name":"Crime"},{"id":53,"name":"Thriller"},{"id":18,"name":"Drama"}],"homepage":"http://www.furious7.com/","id":168259,"imdb_id":"tt2820852","original_language":"en","original_title":"Furious 7","overview":"Deckard Shaw seeks revenge against Dominic Toretto and his family for his comatose brother.","popularity":24.584,"poster_path":"/dCgm7efXDmiABSdWDHBDBx2jwmn.jpg","production_companies":[{"id":87857,"logo_path":null,"name":"Abu Dhabi Film Commission","origin_country":""},{"id":33,"logo_path":"/8lvHyhjr8oUKOOy2dKXoALWKdp0.png","name":"Universal Pictures","origin_country":"US"},{"id":40890,"logo_path":null,"name":"China Film Co.","origin_country":""},{"id":333,"logo_path":"/5xUJfzPZ8jWJUDzYtIeuPO4qPIa.png","name":"Original Film","origin_country":"US"},{"id":3341,"logo_path":"/dTG5dXE1kU2mpmL9BNnraffckLU.png","name":"Fuji Television Network","origin_country":"JP"},{"id":86352,"logo_path":null,"name":"Québec Production Services Tax Credit","origin_country":""},{"id":87858,"logo_path":null,"name":"Colorado Office of Film, Television & Media","origin_country":""},{"id":1778,"logo_path":"/69xm6sF3JxugGVjfZfm1YY6d7EE.png","name":"Dentsu","origin_country":"JP"},{"id":2531,"logo_path":"/pC2iDCDCvV85vOBP7a5Ukxuc0Du.png","name":"Media Rights Capital","origin_country":"US"},{"id":1225,"logo_path":null,"name":"One Race","origin_country":"US"}],"production_countries":[{"iso_3166_1":"US","name":"United States of America"}],"release_date":"2015-04-01","revenue":1506249360,"runtime":137,"spoken_languages":[{"iso_639_1":"en","name":"English"}],"status":"Released","tagline":"Vengeance Hits Home","title":"Furious 7","video":false,"vote_average":7.3,"vote_count":6173}'),
	(8, 'Kung Fu Panda', 77816, '{"adult":false,"backdrop_path":"/pmLEmMLYCreFAxfdCt5uO1wDgSi.jpg","belongs_to_collection":{"id":77816,"name":"Kung Fu Panda Collection","poster_path":"/2QT6PuYXY0T2Ry9rX0JKQYTrbwx.jpg","backdrop_path":"/uDosHOFFWtF5YteBRygHALFqLw2.jpg"},"budget":130000000,"genres":[{"id":12,"name":"Adventure"},{"id":16,"name":"Animation"},{"id":10751,"name":"Family"},{"id":35,"name":"Comedy"}],"homepage":"http://www.kungfupanda.com/","id":9502,"imdb_id":"tt0441773","original_language":"en","original_title":"Kung Fu Panda","overview":"When the Valley of Peace is threatened, lazy Po the panda discovers his destiny as the \\\"chosen one\\\" and trains to become a kung fu hero, but transforming the unsleek slacker into a brave warrior won\'t be easy. It\'s up to Master Shifu and the Furious Five -- Tigress, Crane, Mantis, Viper and Monkey -- to give it a try.","popularity":14.917,"poster_path":"/2Paj1nufT0jeSY0G4u3RC31HIGT.jpg","production_companies":[{"id":521,"logo_path":"/kP7t6RwGz2AvvTkvnI1uteEwHet.png","name":"DreamWorks Animation","origin_country":"US"}],"production_countries":[{"iso_3166_1":"US","name":"United States of America"}],"release_date":"2008-06-04","revenue":631744560,"runtime":90,"spoken_languages":[{"iso_639_1":"en","name":"English"}],"status":"Released","tagline":"Prepare for awesomeness.","title":"Kung Fu Panda","video":false,"vote_average":7.0,"vote_count":5645}'),
	(9, 'Ready Player One', 333339, '{"adult":false,"backdrop_path":"/q7fXcrDPJcf6t3rzutaNwTzuKP1.jpg","belongs_to_collection":null,"budget":175000000,"genres":[{"id":12,"name":"Adventure"},{"id":878,"name":"Science Fiction"}],"homepage":"http://readyplayeronemovie.com","id":333339,"imdb_id":"tt1677720","original_language":"en","original_title":"Ready Player One","overview":"When the creator of a popular video game system dies, a virtual contest is created to compete for his fortune.","popularity":28.062,"poster_path":"/pU1ULUq8D3iRxl1fdX2lZIzdHuI.jpg","production_companies":[{"id":56,"logo_path":"/cEaxANEisCqeEoRvODv2dO1I0iI.png","name":"Amblin Entertainment","origin_country":"US"},{"id":2609,"logo_path":"/ocmrEBfmecJvrbIM4C50vjYWtlq.png","name":"De Line Pictures","origin_country":"US"},{"id":7,"logo_path":"/9YHAhaqpFKDq66Alz7HrYd1iM6G.png","name":"DreamWorks","origin_country":"US"},{"id":174,"logo_path":"/ky0xOc5OrhzkZ1N6KyUxacfQsCk.png","name":"Warner Bros. Pictures","origin_country":"US"},{"id":444,"logo_path":null,"name":"Dune Entertainment","origin_country":"US"},{"id":11249,"logo_path":null,"name":"Farah Films & Management","origin_country":""},{"id":7294,"logo_path":"/kK4PRgceWp9KNrycD8xx8seWxYU.png","name":"Reliance Entertainment","origin_country":"IN"},{"id":79,"logo_path":"/tpFpsqbleCzEE2p5EgvUq6ozfCA.png","name":"Village Roadshow Pictures","origin_country":"US"}],"production_countries":[{"iso_3166_1":"US","name":"United States of America"}],"release_date":"2018-03-28","revenue":582218455,"runtime":140,"spoken_languages":[{"iso_639_1":"en","name":"English"}],"status":"Released","tagline":"A better reality awaits.","title":"Ready Player One","video":false,"vote_average":7.7,"vote_count":5947}'),
	(10, 'Captain Marvel', 299537, '{"adult":false,"backdrop_path":"/qOJRRTF9RkYDcpZZAkOv6tsXHuP.jpg","belongs_to_collection":null,"budget":152000000,"genres":[{"id":28,"name":"Action"},{"id":12,"name":"Adventure"},{"id":878,"name":"Science Fiction"}],"homepage":"https://www.marvel.com/movies/captain-marvel","id":299537,"imdb_id":"tt4154664","original_language":"en","original_title":"Captain Marvel","overview":"The story follows Carol Danvers as she becomes one of the universe’s most powerful heroes when Earth is caught in the middle of a galactic war between two alien races. Set in the 1990s, Captain Marvel is an all-new adventure from a previously unseen period in the history of the Marvel Cinematic Universe.","popularity":32.784,"poster_path":"/ql5jol2TmXFiwKgzt1sL4z5HGrD.jpg","production_companies":[{"id":420,"logo_path":"/hUzeosd33nzE5MCNsZxCGEKTXaQ.png","name":"Marvel Studios","origin_country":"US"}],"production_countries":[{"iso_3166_1":"US","name":"United States of America"}],"release_date":"2019-03-06","revenue":0,"runtime":128,"spoken_languages":[{"iso_639_1":"en","name":"English"}],"status":"Post Production","tagline":"Higher. Further. Faster.","title":"Captain Marvel","video":false,"vote_average":0.0,"vote_count":0}'),
	(11, 'Frozen II', 386382, '{"adult":false,"backdrop_path":"/p2WSxG5ye9NYuyOCAbkCxRH65Um.jpg","belongs_to_collection":{"id":386382,"name":"Frozen Collection","poster_path":"/dIaff79mnD2rf1LGkUfWYyZUSZj.jpg","backdrop_path":"/vZiqhw6oFoMlHSneIdVip9rRou2.jpg"},"budget":0,"genres":[{"id":12,"name":"Adventure"},{"id":16,"name":"Animation"},{"id":35,"name":"Comedy"},{"id":10751,"name":"Family"},{"id":14,"name":"Fantasy"},{"id":10402,"name":"Music"}],"homepage":null,"id":330457,"imdb_id":"tt4520988","original_language":"en","original_title":"Frozen II","overview":"Elsa, Anna, Kristoff and Olaf are going far in the forest to know the truth about an ancient mystery of their kingdom.","popularity":10.433,"poster_path":"/kNXHgzPKotpYLkAnwyGhCygZK2g.jpg","production_companies":[{"id":6125,"logo_path":"/tVPmo07IHhBs4HuilrcV0yujsZ9.png","name":"Walt Disney Animation Studios","origin_country":"US"},{"id":2,"logo_path":"/4MbjW4f9bu6LvlDmyIvfyuT3boj.png","name":"Walt Disney Pictures","origin_country":"US"}],"production_countries":[],"release_date":"2019-11-21","revenue":0,"runtime":null,"spoken_languages":[{"iso_639_1":"en","name":"English"}],"status":"In Production","tagline":"","title":"Frozen II","video":false,"vote_average":0.0,"vote_count":0}'),
	(12, 'Groundhog Day', 137, '{"adult":false,"backdrop_path":"/8mX6FV59T2dSeln4Vc3KLM133aZ.jpg","belongs_to_collection":null,"budget":14600000,"genres":[{"id":10749,"name":"Romance"},{"id":14,"name":"Fantasy"},{"id":18,"name":"Drama"},{"id":35,"name":"Comedy"}],"homepage":null,"id":137,"imdb_id":"tt0107048","original_language":"en","original_title":"Groundhog Day","overview":"A narcissistic TV weatherman, along with his attractive-but-distant producer and mawkish cameraman, is sent to report on Groundhog Day in the small town of Punxsutawney, where he finds himself repeating the same day over and over.","popularity":15.544,"poster_path":"/vXjVd0Vu0MXRZnga7wEnHIIhO5B.jpg","production_companies":[{"id":5,"logo_path":"/71BqEFAF4V3qjjMPCpLuyJFB9A.png","name":"Columbia Pictures","origin_country":"US"}],"production_countries":[{"iso_3166_1":"US","name":"United States of America"}],"release_date":"1993-02-11","revenue":70906973,"runtime":101,"spoken_languages":[{"iso_639_1":"en","name":"English"},{"iso_639_1":"fr","name":"Français"},{"iso_639_1":"it","name":"Italiano"}],"status":"Released","tagline":"He\'s having the worst day of his life... over, and over...","title":"Groundhog Day","video":false,"vote_average":7.5,"vote_count":3743}'),
	(13, 'Monty Python and the Holy Grail', 762, '{"adult":false,"backdrop_path":"/6fqmcCVci3cSBCgJw8NGXE4ST8G.jpg","belongs_to_collection":null,"budget":400000,"genres":[{"id":12,"name":"Adventure"},{"id":35,"name":"Comedy"},{"id":14,"name":"Fantasy"}],"homepage":"http://www.sonypictures.com/cthe/montypython/","id":762,"imdb_id":"tt0071853","original_language":"en","original_title":"Monty Python and the Holy Grail","overview":"King Arthur, accompanied by his squire, recruits his Knights of the Round Table, including Sir Bedevere the Wise, Sir Lancelot the Brave, Sir Robin the Not-Quite-So-Brave-As-Sir-Lancelot and Sir Galahad the Pure. On the way, Arthur battles the Black Knight who, despite having had all his limbs chopped off, insists he can still fight. They reach Camelot, but Arthur decides not  to enter, as \\\"it is a silly place\\\".","popularity":18.713,"poster_path":"/8AVb7tyxZRsbKJNOTJHQZl7JYWO.jpg","production_companies":[{"id":416,"logo_path":null,"name":"Python (Monty) Pictures Limited","origin_country":""},{"id":463,"logo_path":null,"name":"Michael White Productions","origin_country":""},{"id":464,"logo_path":null,"name":"National Film Trustee Company","origin_country":""}],"production_countries":[{"iso_3166_1":"GB","name":"United Kingdom"}],"release_date":"1975-05-25","revenue":5028948,"runtime":91,"spoken_languages":[{"iso_639_1":"fr","name":"Français"},{"iso_639_1":"la","name":"Latin"},{"iso_639_1":"en","name":"English"}],"status":"Released","tagline":"And now! At Last! Another film completely different from some of the other films which aren\'t quite the same as this one is.","title":"Monty Python and the Holy Grail","video":false,"vote_average":7.8,"vote_count":2814}');


INSERT INTO `nextflick`.`MovieList`
	(`id`, `userID`, `title`)
VALUES
	(1, 1, 'All-Time Highest Grossing Movies'),
	(2, 1, 'Darryl\'s Favorite Movies'),
	(3, 1, 'Darryl\'s Movies to Watch'),
	(4, 1, 'Action Movies'),
	(5, 1, 'Comedy Movies'),
	(6, 1, 'Fantasy Movies'),
	(7, 2, 'Justin\'s Favorite Movies'),
	(8, 3, 'Rosa\'s Favorite Movies'),
	(9, 3, 'Amy\'s Favorite Movies'),
	(10, 3, 'Courtney\'s Favorite Movies');


INSERT INTO `nextflick`.`MovieListEntry`
	(`movieListID`, `movieID`)
VALUES
	(1, 1),
	(1, 2),
	(1, 3),
	(1, 4),
	(1, 5),
	(1, 6),
	(2, 1),
	(2, 4),
	(2, 5),
	(2, 8),
	(2, 9),
	(2, 12),
	(3, 2),
	(3, 10),
	(3, 11),
	(4, 1),
	(4, 4),
	(4, 5),
	(4, 7),
	(5, 12),
	(5, 13),
	(6, 1),
	(6, 4),
	(6, 5),
	(6, 8),
	(6, 11);

INSERT INTO `nextflick`.`MovieWatch`
	(`userID`, `movieID`, `rating`)
VALUES
	(1, 1, 4);